{"proteinGroupsCount":6,"proteinTargetCount":11,"proteinCountWithOneUniquePeptide":9,"proteinCountWithMoreThanTwoUniquePeptides":1,"proteinTargetTopCount":9,"peptideStats":{"ms1Count":3232,"ms2Count":3322,"denovoOnlySpectrumCount":413,"peptideTargetSpecturmCount":522,"peptideDecoySpecturmCount":5,"peptideTargetSequencesCount":117,"peptideDecoySequencesCount":4,"peptideTargetBackboneSequencesCount":105,"peptideDecoyBackboneSequencesCount":4,"psmPrecursorPpms":[-1.1317236,0.65665185,0.3877333,-0.5691623,0.84613466,1.0256938,1.2052528,2.4621663,2.1928277,0.93591416,-0.50055844,1.1154733,0.30745742,0.6679667,-0.88950175,0.22893691,1.1887498,1.0468057,-0.6652784,0.82266045,0.5957325,2.6214967,1.1294466,0.44258752,0.7809569,-1.7483572,0.28745607,-0.46494356,1.2906556,-0.38983586,1.4241236,2.4420652,0.50235325,1.1318084,1.000406,0.7980088,12.563822,-0.28501076,-0.46364993,-1.5145932,0.32524434,8.360924,-10.003662,-0.15446287,1.5091906,3.0306222,1.794459,0.8435642,1.2239221,2.4600854,1.6042801,2.364996,1.3190116,0.7484747,1.0337431,1.984638,1.6993695,2.174817,0.8618114,0.84178567,2.1558454,0.7916203,-0.5574407,0.47173676,0.6589886,-1.312197,-1.7384621,0.15498325,0.034196977,-0.16269472,0.78228104,-2.0751064,-1.887085,0.66933787,-0.7067607,-0.20017631,0.111475684,-0.47887024,-1.2594211,-0.81964,-0.21863584,0.87954855,0.34495154,-0.29656485,1.3632987,-0.46479166,-3.2964864,9.944809,0.58198845,3.6362553,1.1598227,1.9027524,2.645682,1.3249182,1.4900137,-0.4085845,-0.40621036,0.53446597,1.0883181,0.2566792,-1.3896279,0.12881927,12.645073,10.023424,13.778759,10.873688,12.432507,11.511387,-3.7219794,6.841505,2.020586,0.24818926,9.606443,9.251965,2.733774,4.9328027,2.4500284,-7.6938777,2.0953465,-7.4810686,2.3081555,0.3219362,1.5987915,1.2441095,-4.572676,-0.74210995,3.585011,0.8894274,1.8825371,-0.35953152,1.6350443,-0.05375526,-0.5701955,-1.7143813,-2.357986,0.006222428,3.5730624,-0.8297411,0.11522152,2.635122,2.8451138,1.0601842,0.95518833,0.43020907,-0.46650884,1.1179128,1.4835485,0.7867622,0.64492023,1.9584659,-0.36191437,-0.15201184,0.932678,1.7707927,12.392201,1.3968735,-0.55346453,-0.9524859,-0.21930389,-0.7291734,-1.9346904,-0.5052182,6.9322186,7.883954,1.9235623,-0.11263877,-1.1307393,-0.04900749,0.6509366,-0.30353263,-0.3671639,0.26914892,0.14188635,0.9054617,0.39616784,0.2775228,-2.2552898,-1.2035218,7.53515,0.14481384,0.53962064,-0.513842,0.46365213,0.11664307,0.9180737,0.66315997,1.8888035,1.4524271,2.412455,1.8015282,3.1106572,-0.033833068,6.5675035,-1.9794978,0.40336478,-0.5157562,-0.50099915,-1.3012327,0.71450204,1.0027063,1.7874284,-0.53028524,1.6960744,3.2359996,0.62857157,0.59933287,2.245732,0.77253014,-0.44674823,1.3094008,-1.0647677,0.57606107,1.2398138,0.11143418,0.08512666,2.1707573,-1.8659471,0.7202859,1.2961379,1.6173313,2.065854,2.9628994,0.6305813,1.5276268,1.7967403,2.103479,1.0859209,2.489105,0.79051375,1.7815627,0.2735512,2.2246735,0.6017909,2.0866637,0.67592126,2.213504,0.94838685,1.8981422,13.082417,0.39860064,0.16296087,1.1831908,-0.5163295,-2.4009397,1.5315083],"psmPrecursorMzs":[461.7471,461.74792,564.98566,601.3013,680.8434,680.8435,680.8436,680.8445,680.8443,680.84344,680.84247,680.84357,680.843,409.7166,599.87897,573.325,573.32556,859.4737,573.31726,698.378,784.3754,784.377,978.48456,978.4839,652.65857,443.71048,487.73267,487.7323,487.73315,516.24304,631.8597,553.8152,620.3295,929.9913,929.99115,620.3297,930.0019,489.2521,410.7372,417.21127,740.4142,831.7612,869.44025,464.77667,642.8807,642.88165,642.88086,642.88025,642.8805,642.8813,642.88074,642.8812,642.88055,642.8802,642.8804,642.881,642.8808,642.8811,436.9142,653.85425,653.3631,435.91055,653.3613,653.362,630.3142,565.78235,419.74197,443.74838,593.3224,657.84357,438.89853,438.89728,456.7609,760.39435,453.73898,525.795,681.36633,454.5797,489.7552,515.25116,643.3954,571.86127,571.86096,571.8606,573.7939,649.3714,513.2412,954.9655,740.4018,740.40405,740.4022,740.4028,740.4033,740.40234,740.40247,740.40106,466.22943,526.31683,590.8385,582.8587,431.92175,647.37994,862.42523,862.423,862.4262,862.4237,862.42505,862.42426,861.9191,861.9282,861.9241,861.92255,861.9306,861.9303,861.4327,861.4346,861.43243,861.4237,861.4321,861.4239,861.4323,861.4306,861.4317,861.4314,861.4264,861.4297,861.4334,861.4311,861.43195,524.2951,474.9265,711.88495,427.7581,427.7576,427.75732,582.811,582.81305,582.3185,582.31903,582.3205,582.3206,582.3196,582.3195,582.3192,501.7949,501.7957,501.79587,795.4608,594.30115,773.3767,631.83276,421.55768,555.79565,828.9108,600.3426,600.008,507.81302,416.245,579.3486,547.319,438.0561,641.1139,641.11865,496.24768,480.60968,480.6087,480.60822,480.60873,480.60907,480.6086,480.60858,480.6089,480.60883,480.6092,590.28296,430.2248,494.27103,494.27155,729.35913,971.80786,729.10803,467.75302,444.7669,514.8268,708.348,700.8424,700.35126,700.35095,700.3516,700.3512,700.3521,535.2636,507.78125,458.6006,874.98865,437.99756,450.73703,471.31012,756.42554,884.9947,633.03107,633.0296,949.0429,633.032,633.03033,580.34924,564.36224,537.6544,403.49216,805.97845,537.8058,460.78207,460.78238,460.78186,454.60992,454.61087,454.60904,681.4117,454.61047,681.4123,681.4126,681.4132,681.4116,681.41223,681.4124,454.61084,827.465,827.4662,827.4648,551.9795,827.46436,551.97974,534.6196,960.8608,590.8277,800.9351,534.2918,960.5326,722.8261,722.81696,562.6066,843.40717,464.25012,472.73734,859.47906],"psmPrecursorPpmBins":[{"count":1,"min":-12.61234,"max":-12.019203},{"min":-12.019203,"max":-11.426067},{"min":-11.426067,"max":-10.832931},{"count":1,"min":-10.832931,"max":-10.239794},{"count":1,"min":-10.239794,"max":-9.646658},{"min":-9.646658,"max":-9.053521},{"min":-9.053521,"max":-8.460385},{"min":-8.460385,"max":-7.8672485},{"min":-7.8672485,"max":-7.274112},{"count":1,"min":-7.274112,"max":-6.680976},{"count":1,"min":-6.680976,"max":-6.087839},{"count":3,"min":-6.087839,"max":-5.494703},{"count":2,"min":-5.494703,"max":-4.9015665},{"count":19,"min":-4.9015665,"max":-4.3084297},{"count":12,"min":-4.3084297,"max":-3.7152934},{"count":37,"min":-3.7152934,"max":-3.122157},{"count":63,"min":-3.122157,"max":-2.5290208},{"count":102,"min":-2.5290208,"max":-1.9358842},{"count":101,"min":-1.9358842,"max":-1.3427478},{"count":45,"min":-1.3427478,"max":-0.7496114},{"count":69,"min":-0.7496114,"max":-0.15647495},{"count":23,"min":-0.15647495,"max":0.43666148},{"count":5,"min":0.43666148,"max":1.0297979},{"min":1.0297979,"max":1.6229343},{"min":1.6229343,"max":2.2160707},{"count":6,"min":2.2160707,"max":2.8092072},{"min":2.8092072,"max":3.4023438},{"count":1,"min":3.4023438,"max":3.99548},{"count":2,"min":3.99548,"max":4.5886164},{"count":1,"min":4.5886164,"max":5.181753},{"count":3,"min":5.181753,"max":5.7748895},{"min":5.7748895,"max":6.368026},{"count":2,"min":6.368026,"max":6.961162},{"count":9,"min":6.961162,"max":7.5542984},{"min":7.5542984,"max":8.147435},{"count":1,"min":8.147435,"max":8.740572},{"count":1,"min":8.740572,"max":9.333708},{"count":3,"min":9.333708,"max":9.926845},{"count":6,"min":9.926845,"max":10.51998},{"count":1,"min":10.51998,"max":11.113117}],"samples":{"24ab790a-0f03-442c-8c72-a2f704472149":{"ms1scans":1594,"ms2scans":1762,"psmTotal":303,"peptideTotal":70,"peptideBackboneTotal":63,"denovoOnlySpectrumCount":220,"missedCleavages":{"withZeros":52,"withOnes":18}},"0c75edbc-8b16-46ea-8d45-fa36b4d18158":{"ms1scans":1638,"ms2scans":1560,"psmTotal":219,"peptideTotal":47,"peptideBackboneTotal":42,"denovoOnlySpectrumCount":193,"missedCleavages":{"withZeros":27,"withOnes":20}}},"pValue":24.3,"psmPrecursorPpmsBinsAfterCalibration":[{"count":1,"min":-10.003662,"max":-9.4091015},{"min":-9.4091015,"max":-8.814541},{"min":-8.814541,"max":-8.21998},{"count":1,"min":-8.21998,"max":-7.62542},{"count":1,"min":-7.62542,"max":-7.0308595},{"min":-7.0308595,"max":-6.4362993},{"min":-6.4362993,"max":-5.8417387},{"min":-5.8417387,"max":-5.247178},{"min":-5.247178,"max":-4.6526175},{"count":1,"min":-4.6526175,"max":-4.058057},{"count":1,"min":-4.058057,"max":-3.4634967},{"count":3,"min":-3.4634967,